No,会社名,国,地域,ウェブサイト,メールアドレス,電話番号,WhatsApp,Facebook,Instagram,備考,BR380JG取扱実績,優先度
1,Stevens Group NZ,ニュージーランド,オセアニア,https://www.stevensgroup.co.nz,sales@stevensgroup.co.nz,"+64 9 275 0443 / Lionel Stanners +64 21 278 0738 / Dan Bartley +64 21 278 7456",,https://www.facebook.com/p/Stevens-Group-NZ-100090097132297/,,NZ最大級の破砕・ふるい機械ディーラー。BR380JGを過去に販売リスト掲載。中古機も扱う。,あり（掲載実績）,★★★
2,Komatsu Australia,オーストラリア,オセアニア,https://www.komatsu.com.au/equipment/crushers,Webフォームより,,,,公式SNSあり,コマツ公式ディーラー。新旧BR380JG-1E0取扱。,あり,★★
3,Miller Plant & Equipment,オーストラリア（ビクトリア州）,オセアニア,http://millermachinery.com.au,Webフォームより,+61 3 9314 0744,,https://www.facebook.com/millerauspty/,,日本・米国から中古建機を輸入して販売。コマツBR380取扱実績あり。,あり,★★★
4,Maxima Machineries Inc.,フィリピン,東南アジア,https://maxima.com.ph,Webフォームより,,,https://www.facebook.com/maximamachineriesinc/,,丸紅グループ。フィリピン唯一のコマツ正規代理店。,なし,★★
5,Komatsu Philippines Corporation (KPC),フィリピン,東南アジア,https://www.kpc.komatsu,Webフォームより,,,,,,コマツ子会社。販売はMaximaへ。,なし,★
6,DIMO (David Pieris Motor Co.),スリランカ,南アジア,https://www.dimolanka.com,Webフォームより,,,,,,コマツと50年以上のパートナーシップ。採石機械取扱。,なし,★
7,Komatsu Sales (Cambodia) / CMED Group,カンボジア,東南アジア,https://cmedgp.com,Webフォームより,+855 23 900 589,,,,コマツカンボジア正規代理店。,なし,★
8,Jaffer Brothers Private Limited,パキスタン,南アジア,https://www.jaffer.com/machinery,Webフォームより,"+92 21 111-527-527 (カラチ) / +92 51 111-527-527 (イスラマバード) / +92 42 111-527-527 (ラホール)",,https://www.facebook.com/jaffergroup/,,パキスタンにコマツを初めて導入した老舗代理店（1948年創業）。採石・建設機械全般。,なし,★★
9,Al Marwan Machinery,UAE,中東,https://almarwan.com,Webフォームより,,,,公式SNSあり,UAE・サウジ・オマーンで中古コマツ・CAT・日立・ボルボ等を販売。Powerscreen正規代理店。,なし,★★
10,Galadari Trucks & Heavy Equipment,UAE,中東,https://www.galadarigthe.com,Webフォームより,,,,,,コマツと45年のパートナーシップ。UAE最大規模の建機ディーラー。Metso製クラッシャーも扱う。,なし,★★
11,Saleh Al-Juhani Sons (Al-Juhni),サウジアラビア,中東,https://www.al-juhni.com/en/crushers,Webフォームより,,,,,,サウジの骨材・採石業界トップ企業。複数の破砕機拠点。高い購買力。,なし,★★
12,Anhui Zhaomi Engineering Machinery,中国（安徽省合肥市）,東アジア,https://mpmachinery.en.alibaba.com,Alibabaメッセージ,,+86 193 0560 5637,https://www.facebook.com/p/Anhui-zhaomi-engineering-machinery-co-ltd-100094293633667/,,日本からKomatsu/CAT/日立中古重機輸出専門。20年以上の実績。BR380JGを複数マーケットに掲載。,あり（販売実績）,★★★
13,Z&M Machinery,中国（上海）,東アジア,Machineryline掲載,Machinerylineより,,,,,,MachinerylineにKomatsu BR380クラッシャーを掲載中。,あり（掲載実績）,★★
14,2CMACHINERY Ltd,中国,東アジア,MachineryTrader Asia掲載,MachineryTrader Asiaより,,,,,,MachineryTrader Asiaにて中古Komatsuクラッシャーを出品。,あり,★★
15,Winwin Used Machinery,韓国,東アジア,http://www.winwinused.com,simson@winwinused.com,+82-2-553-7007,,,,,コマツBR380JGをAlibaba上で過去に販売。ショベル・クラッシャー・ローラー等取扱。Skype: eboyshop1,あり（Alibaba販売実績）,★★★
16,Shanghai AKE Used Machinery,中国（上海）,東アジア,http://www.secondexcavator.com,Webフォームより,,,,,,日本からの中古建機輸出。コマツ・日立等取扱。,なし,★
17,International Crusher Solutions (EA) Ltd,ケニア,アフリカ,https://www.internationalcrushersolutions.co.ke,enquiries@instcrush.com,+254 718 774 324,,https://www.facebook.com/InternationalCrusherSolutions/,,東アフリカ最大の採石機械・クラッシャー専門業者。70台以上の在庫。,なし,★★
18,Pilot Crushtec International (Pty) Ltd,南アフリカ,アフリカ,https://www.pilotcrushtec.com,Webフォームより,+27 11 842 5600,,,,南アフリカ最大の移動式破砕機サプライヤー。Metso公認代理店。,なし,★★
19,Crusher Equipment Africa (CE Africa),南アフリカ,アフリカ,https://ce-africa.com,Webフォームより,,,,,,RUBBLE MASTER公認代理店。ジョー・コーン・ジャイラトリークラッシャー取扱。,なし,★
20,Equipment Africa Ltd,ガーナ,アフリカ,https://www.equipmentafrica.com,Webフォームより,,,,,,西アフリカ向け建機ソリューションプロバイダー。,なし,★
21,Komatsu Poland,ポーランド,欧州,https://komatsupoland.pl/en/,Webフォームより,,,,,,ポーランド唯一のコマツ正規代理店。新旧コマツ機械の販売・整備・レンタル。,なし,★
22,Kraftvélar,アイスランド,欧州,,,,,https://www.facebook.com/KomatsuEurope/,,Facebook上にてKomatsu BR380JG-3の新品導入実績あり（Komatsu Europe投稿確認）。中古需要が見込まれる。,新品導入実績,★★
